Transaction_ID,Date,Time,Doc_Number,Operation_Type,Amount_Rub,Payer_Account,Receiver_Account,Counterparty_Name,Counterparty_INN,Counterparty_Bank,Counterparty_BIK,Payment_Purpose
TX-2026-0000,2026-09-07,10:37:49,п/п № 0,Поступление,1275000.00,40802810900001979691,40802810900001979691,"ИП Фон Берг Юрген Александрович",233803342844,"ООО ""ОЗОН Банк""",044525068,Первоначальный взнос собственных средств на расчетный счет. НДС не облагается.
TX-2026-0001,2026-09-08,13:26:40,п/п № 1,Списание,205700.00,40802810900001979691,40702810100000045821,"ООО ""РЭК""",7724893780,"АО ""ТБанк""",044525974,ОПЛАТА ЗА ФИЛАМЕНТ REC CAST И REC RELAX ПО СЧЕТУ 4882 ОТ 08.09.2026 Г. В Т.Ч. НДС 20% - 34283.33 РУБ.
TX-2026-0002,2026-09-14,13:41:16,п/п № 2,Списание,239700.00,40802810900001979691,40702810963000018452,"ООО ""Бест Филамент""",7017366311,СИБИРСКИЙ БАНК ПАО СБЕРБАНК,046902606,"Оплата по счету № BF-2026/819 от 14.09.2026 за катушки филамента PA-CF, PETG, ABS, ASA. В т.ч. НДС 20% - 39950.00 руб."
TX-2026-0003,2026-09-18,14:33:24,п/п № 3,Списание,318500.00,40802810900001979691,40702810238000039145,"ООО ""ФИЛАМЕНТАРНО""",7726359052,ПАО СБЕРБАНК,044525225,За филамент PETG/ABS по сч. № ФИЛ-2026-981 от 18.09.2026. НДС 20% включен. Сумма НДС 53083.33 руб.
TX-2026-0004,2026-09-21,11:08:05,727,Поступление,26480.00,40702810186864510936,40802810900001979691,ООО «БДМ-Агро»,2309074315,"КБ ""КУБАНЬ КРЕДИТ"" ООО",040349722,Аванс 40% по сч. № 144 от 20.09.2026 за изготовление Грязезащитные манжеты ступиц (TPU 95A). В т.ч. НДС 20%
TX-2026-0005,2026-09-21,13:10:46,п/п 685,Поступление,20640.00,40702810425287630247,40802810900001979691,ООО «СТАНОЧНАЯ ОСНАСТКА»,6166083394,ЮГО-ЗАПАДНЫЙ БАНК ПАО СБЕРБАНК,046015602,Оплата по счету № 127 от 21.09.2026 за изделия из полимеров по спец. № 1. В т.ч. НДС 20% - 3440.00 руб.
TX-2026-0006,2026-09-21,16:02:12,п/п 487,Поступление,55096.00,40702810966337057571,40802810900001979691,"ООО ""Бештау Технологии""",6168121905,"АО ""РАЙФФАЙЗЕНБАНК""",044525700,Предоплата 40% по спец. № 1 к дог. № БШТ-3D/08-2026 от 02.09.2026. В т.ч. НДС 20% - 9182.67 руб.
TX-2026-0007,2026-09-22,12:25:44,п/п № 57,Поступление,13998.00,40702810114142394499,40802810900001979691,ООО «СТАНКОСЕРВИС»,6165203780,"ПАО КБ ""ЦЕНТР-ИНВЕСТ""",046015762,Оплата по счету № 157 от 20.09.2026 за изделия из полимеров по спец. № 1. В т.ч. НДС 20% - 2333.00 руб.
TX-2026-0008,2026-09-23,11:06:41,п/п № 4,Списание,380800.00,40802810900001979691,40702810100000045821,"ООО ""РЭК""",7724893780,"АО ""ТБанк""",044525974,"Оплата по договору поставки сырья № REC-14/09 и счету № 5104 от 23.09.2026 за полиамид PA-CF, PA12, TPU. В т.ч. НДС 20% - 63466.67 руб."
TX-2026-0009,2026-09-23,12:10:43,п/п № 98,Поступление,27224.00,40702810811430119524,40802810900001979691,ООО «Сальсксельмаш»,6153033727,"ПАО КБ ""ЦЕНТР-ИНВЕСТ""",046015762,Аванс 40% за 3D-печать деталей (Пыльники и защитные) по спец. № 1 дог. № ССМ-08/2026-ПОСТ. НДС не обл.
TX-2026-0010,2026-09-23,13:56:14,№ 712,Поступление,43596.00,40702810537051855622,40802810900001979691,ООО «Медтехника-Сервис» / НПФ «Медтехника»,6165099497,"ПАО КБ ""ЦЕНТР-ИНВЕСТ""",046015762,Оплата аванса 60% по счету № 106 от 22.09.2026 к договору поставки № МТС-08/2026-МЕД. НДС не облагается.
TX-2026-0011,2026-09-23,16:06:39,п/п № 412,Поступление,10398.00,40702810296662113828,40802810900001979691,ООО «РЗЭ»,6165230568,"АО ""ТБАНК""",044525974,Оплата по счету № 126 от 23.09.2026 за изделия из полимеров по спец. № 1. В т.ч. НДС 20% - 1733.00 руб.
TX-2026-0012,2026-09-24,12:29:50,п/п № 668,Поступление,31440.00,40702810219279741321,40802810900001979691,ООО «АГРОДОНУПАК»,6168089916,ЮГО-ЗАПАДНЫЙ БАНК ПАО СБЕРБАНК,046015602,Предоплата 60% по спец. № 1 к дог. № АДУ/26-08-П от 03.09.2026. В т.ч. НДС 20% - 5240.00 руб.
TX-2026-0013,2026-09-24,15:40:45,п/п 704,Поступление,13760.00,40702810425287630247,40802810900001979691,ООО «СТАНОЧНАЯ ОСНАСТКА»,6166083394,ЮГО-ЗАПАДНЫЙ БАНК ПАО СБЕРБАНК,046015602,Окончат.расчет по спец.1 к дог.пост. СТО-2026/08 от 03.09.2026. НДС не обл.
TX-2026-0014,2026-09-25,10:57:20,321,Поступление,26340.00,40702810744962631789,40802810900001979691,ООО «СПЕЦМАШ»,6147019890,"РОСТОВСКИЙ РФ АО ""РОССЕЛЬХОЗБАНК""",046015211,ПРЕДОПЛАТА ПО СЧЕТУ № 121 ОТ 23.09.2026 Г. ЗА ИЗДЕЛИЯ ИЗ ABS. В Т.Ч. НДС 20% - 4390.00 РУБ.
TX-2026-0015,2026-09-25,11:54:12,385,Поступление,63500.00,40702810960234405532,40802810900001979691,ООО «Производственная компания «Новочеркасский электровозостроительный завод»,6150040250,"ПАО ""СОВКОМБАНК""",043469740,Аванс 50% по сч. № 118 от 24.09.2026 за изготовление Кабельные клипсы и (PA-CF). В т.ч. НДС 20%
TX-2026-0016,2026-09-25,13:45:30,764,Поступление,39720.00,40702810186864510936,40802810900001979691,ООО «БДМ-Агро»,2309074315,"КБ ""КУБАНЬ КРЕДИТ"" ООО",040349722,"Постоплата по договору № БДМ-ПОСТ-2026/09, Акт № 1 от 24.09.2026 г. за выполненные работы по 3D-печати. Без НДС"
TX-2026-0017,2026-09-25,14:59:54,п/п № 72,Поступление,32662.00,40702810114142394499,40802810900001979691,ООО «СТАНКОСЕРВИС»,6165203780,"ПАО КБ ""ЦЕНТР-ИНВЕСТ""",046015762,Окончат.расчет по спец.1 к дог.пост. СТС-08/2026-3D от 07.09.2026. НДС не обл.
TX-2026-0018,2026-09-25,16:13:02,п/п 514,Поступление,82644.00,40702810966337057571,40802810900001979691,"ООО ""Бештау Технологии""",6168121905,"АО ""РАЙФФАЙЗЕНБАНК""",044525700,Окончательный расчет (60%) по Акту приема-передачи № 1 от 24.09.2026 г. В т.ч. НДС 20%
TX-2026-0019,2026-09-26,11:19:46,350,Поступление,39696.00,40702810693582599566,40802810900001979691,ООО НПП «ЭЛЕКСИР»,6163001837,"ПАО КБ ""ЦЕНТР-ИНВЕСТ""",046015762,Аванс 60% по сч. № 75 от 26.09.2026 за изготовление Корпуса измерительных блоков (ABS). В т.ч. НДС 20%
TX-2026-0020,2026-09-26,15:21:12,п/п № 439,Поступление,24262.00,40702810296662113828,40802810900001979691,ООО «РЗЭ»,6165230568,"АО ""ТБАНК""",044525974,Окончат.расчет по спец.1 к дог.пост. РЗЭ-09/2026 от 10.09.2026. НДС не обл.
TX-2026-0021,2026-09-27,11:14:04,№ 527,Поступление,31640.00,40702810914166271843,40802810900001979691,ООО «РОСТАГРОСЕРВИС»,6165172997,"РОСТОВСКИЙ РФ АО ""РОССЕЛЬХОЗБАНК""",046015211,Оплата аванса 70% по счету № 106 от 27.09.2026 к договору поставки № АГРО-3D-2026/09. НДС не облагается.
TX-2026-0022,2026-09-27,12:27:20,№ 799,Поступление,42040.00,40702810877826023131,40802810900001979691,"ООО ""Иртея""",9725046231,"АО ""ТБАНК""",044525974,Оплата аванса 50% по счету № 128 от 25.09.2026 к договору поставки № ИРТ-3D/09-2026. НДС не облагается.
TX-2026-0023,2026-09-27,14:29:03,п/п № 128,Поступление,40836.00,40702810811430119524,40802810900001979691,ООО «Сальсксельмаш»,6153033727,"ПАО КБ ""ЦЕНТР-ИНВЕСТ""",046015762,ПОСТОПЛАТА 60% ЗА ИЗГОТОВЛЕНИЕ ДЕТАЛЕЙ ПО АКТУ № 1 ОТ 26.09.2026 Г. НДС НЕ ОБЛАГАЕТСЯ
TX-2026-0024,2026-09-27,16:13:07,№ 740,Поступление,29064.00,40702810537051855622,40802810900001979691,ООО «Медтехника-Сервис» / НПФ «Медтехника»,6165099497,"ПАО КБ ""ЦЕНТР-ИНВЕСТ""",046015762,"Постоплата 40% по акту №1 от 26.09.26 за Держатели оптических насадок. Сумма 29064.00, без НДС"
TX-2026-0025,2026-09-28,11:11:47,п/п № 5,Списание,117500.00,40802810900001979691,40702810238000039145,"ООО ""ФИЛАМЕНТАРНО""",7726359052,ПАО СБЕРБАНК,044525225,"За полимерную нить для 3д принтеров (POM, TPU 95A, ABS) по дог поставки 14/09 от 28.09.2026. В т.ч. НДС 20% - 19583.33 руб."
TX-2026-0026,2026-09-28,12:29:36,№ 143,Поступление,33030.00,40702810633754672009,40802810900001979691,ООО «С-Р»,6161065842,"РОСТОВСКИЙ РФ АО ""РОССЕЛЬХОЗБАНК""",046015211,"Оплата по сч. № 107 от 27.09.26 за полимерные изделия по спец.1. Сумма 33030.00, без НДС"
TX-2026-0027,2026-09-28,14:34:45,98,Поступление,22980.00,40702810353715910951,40802810900001979691,ООО «Корпорация «СКЭСС»,6165005964,"ПАО КБ ""ЦЕНТР-ИНВЕСТ""",046015762,"Оплата по сч. № 44 от 28.09.26 за полимерные изделия по спец.1. Сумма 22980.00, без НДС"
TX-2026-0028,2026-09-28,16:06:26,п/п № 705,Поступление,20960.00,40702810219279741321,40802810900001979691,ООО «АГРОДОНУПАК»,6168089916,ЮГО-ЗАПАДНЫЙ БАНК ПАО СБЕРБАНК,046015602,Окончательный расчет (40%) по Акту приема-передачи № 1 от 27.09.2026 г. В т.ч. НДС 20%
TX-2026-0029,2026-09-29,10:42:01,№ 708,Поступление,37116.00,40702810016996401238,40802810900001979691,ООО «ДОН-ТАРА»,6150069355,"ПАО КБ ""ЦЕНТР-ИНВЕСТ""",046015762,Аванс 60% по сч. № 142 от 28.09.2026 за изготовление Угловые замки-фиксаторы пластиковых (PETG). В т.ч. НДС 20%
TX-2026-0030,2026-09-29,12:55:49,140,Поступление,18060.00,40702810863230347657,40802810900001979691,ООО «ЭЛИД»,6168045122,ЮГО-ЗАПАДНЫЙ БАНК ПАО СБЕРБАНК,046015602,ПРЕДОПЛАТА 30% ПО ДОГОВОРУ ПОСТАВКИ № ЭЛИД-2026/09 ОТ 08.09.2026 И СПЕЦ.1 ЗА 3D-ПЕЧАТЬ ДЕТАЛЕЙ. БЕЗ НДС
TX-2026-0031,2026-09-29,14:27:52,339,Поступление,26340.00,40702810744962631789,40802810900001979691,ООО «СПЕЦМАШ»,6147019890,"РОСТОВСКИЙ РФ АО ""РОССЕЛЬХОЗБАНК""",046015211,Оплата остатка 50% по сч. № 121 на основании Акта № 1 от 28.09.2026. В т.ч. НДС 20%
TX-2026-0032,2026-09-29,16:12:39,424,Поступление,63500.00,40702810960234405532,40802810900001979691,ООО «Производственная компания «Новочеркасский электровозостроительный завод»,6150040250,"ПАО ""СОВКОМБАНК""",043469740,"Постоплата по договору № НЭВЗ-ПОСТ/2026-09, Акт № 1 от 28.09.2026 г. за выполненные работы по 3D-печати. Без НДС"
TX-2026-0033,2026-09-30,10:56:30,568,Поступление,32040.00,40702810925010427478,40802810900001979691,ООО «АЙТИАЭРО»,6161080978,"АО ""АЛЬФА-БАНК""",044525593,"Оплата по сч. № 66 от 29.09.26 за полимерные изделия по спец.1. Сумма 32040.00, без НДС"
TX-2026-0034,2026-09-30,13:24:35,374,Поступление,26464.00,40702810693582599566,40802810900001979691,ООО НПП «ЭЛЕКСИР»,6163001837,"ПАО КБ ""ЦЕНТР-ИНВЕСТ""",046015762,"Постоплата по договору № ЭЛК/2026-09-3D, Акт № 1 от 29.09.2026 г. за выполненные работы по 3D-печати. Без НДС"
TX-2026-0035,2026-09-30,15:30:57,№ 555,Поступление,13560.00,40702810914166271843,40802810900001979691,ООО «РОСТАГРОСЕРВИС»,6165172997,"РОСТОВСКИЙ РФ АО ""РОССЕЛЬХОЗБАНК""",046015211,"Постоплата 30% по акту №1 от 29.09.26 за Кронштейны кабельных разъемов. Сумма 13560.00, без НДС"
TX-2026-0036,2026-10-01,11:07:06,581,Поступление,63546.00,40702810362981927530,40802810900001979691,ООО «Краснодарский компрессорный завод»,2311112293,"КБ ""КУБАНЬ КРЕДИТ"" ООО",040349722,"Оплата по сч. № 54 от 01.10.26 за полимерные изделия по спец.1. Сумма 63546.00, без НДС"
TX-2026-0037,2026-10-01,13:42:06,п/п 775,Поступление,16000.00,40702810328286724698,40802810900001979691,ООО «Дон-Комплект»,6161058041,"ПАО КБ ""ЦЕНТР-ИНВЕСТ""",046015762,Аванс 40% за 3D-печать деталей (Заглушки и уплотнители) по спец. № 1 дог. № ДК/2026-09-П. НДС не обл.
TX-2026-0038,2026-10-01,15:13:02,№ 822,Поступление,42040.00,40702810877826023131,40802810900001979691,"ООО ""Иртея""",9725046231,"АО ""ТБАНК""",044525974,"Постоплата 50% по акту №1 от 30.09.26 за Корпуса роутеров 5G/LTE. Сумма 42040.00, без НДС"
TX-2026-0039,2026-10-02,10:38:24,п/п № 6,Списание,196700.00,40802810900001979691,40702810100000045821,"ООО ""РЭК""",7724893780,"АО ""ТБанк""",044525974,"ОПЛАТА ЗА ИНЖЕНЕРНЫЙ ФИЛАМЕНТ PA-CF, PC И ПИЩЕВОЙ PETG ПО СЧ. № 5280 ОТ 02.10.2026. В Т.Ч. НДС 20% - 32783.33 РУБ."
TX-2026-0040,2026-10-02,11:31:30,п/п № 10,Списание,127600.00,40802810900001979691,40702810238000039145,"ООО ""ФИЛАМЕНТАРНО""",7726359052,ПАО СБЕРБАНК,044525225,"Оплата за полимеры для филиала Краснодар (POM, PA-CF, PETG) по сч. № ФИЛ-2026-1184 от 02.10.2026. В т.ч. НДС 20% - 21266.67 руб."
TX-2026-0041,2026-10-02,13:07:41,119,Поступление,32976.00,40702810718176423420,40802810900001979691,"ООО ""ТД ""Тавиа""",6154083390,"ФИЛИАЛ ""РОСТОВСКИЙ"" БАНКА ВТБ (ПАО)",046015999,Оплата аванса 40% по счету № 58 от 30.09.2026 к договору поставки № ТАНТК-2026-09/3D. НДС не облагается.
TX-2026-0042,2026-10-02,14:16:12,№ 214,Поступление,16000.00,40702810551980328635,40802810900001979691,ООО «ЭКСПЕРТ ЭЛЕКТРОНИКС»,6154561342,"ФИЛИАЛ ""РОСТОВСКИЙ"" БАНКА ВТБ (ПАО)",046015999,"Оплата по сч. № 111 от 01.10.26 за полимерные изделия по спец.1. Сумма 16000.00, без НДС"
TX-2026-0043,2026-10-02,15:18:38,№ 164,Поступление,33030.00,40702810633754672009,40802810900001979691,ООО «С-Р»,6161065842,"РОСТОВСКИЙ РФ АО ""РОССЕЛЬХОЗБАНК""",046015211,Доплата 50% по акту № 1 от 01.10.2026 к спец. № 1 дог. № СРИС-08/2026-3D. НДС не обл.
TX-2026-0044,2026-10-02,16:19:35,135,Поступление,15320.00,40702810353715910951,40802810900001979691,ООО «Корпорация «СКЭСС»,6165005964,"ПАО КБ ""ЦЕНТР-ИНВЕСТ""",046015762,Доплата 40% по акту № 1 от 01.10.2026 к спец. № 1 дог. № СКЭСС-08/2026. НДС не обл.
TX-2026-0045,2026-10-03,10:34:21,№ 46,Поступление,22998.00,40702810910293966941,40802810900001979691,"ООО «НПО „Горизонт""»",6161022983,"ПАО КБ ""ЦЕНТР-ИНВЕСТ""",046015762,"Оплата по сч. № 170 от 02.10.26 за полимерные изделия по спец.1. Сумма 22998.00, без НДС"
TX-2026-0046,2026-10-03,12:47:04,п/п 180,Поступление,10880.00,40702810351151238983,40802810900001979691,ООО «Медтехника Юг»,6163090280,"АО ""АЛЬФА-БАНК""",044525593,Предоплата 40% по спец. № 1 к дог. № МТЮ-2026/09 от 16.09.2026. В т.ч. НДС 20% - 1813.33 руб.
TX-2026-0047,2026-10-03,14:14:04,№ 740,Поступление,24744.00,40702810016996401238,40802810900001979691,ООО «ДОН-ТАРА»,6150069355,"ПАО КБ ""ЦЕНТР-ИНВЕСТ""",046015762,"Постоплата по договору № ДТ-2026-09/3D, Акт № 1 от 02.10.2026 г. за выполненные работы по 3D-печати. Без НДС"
TX-2026-0048,2026-10-03,16:09:58,159,Поступление,42140.00,40702810863230347657,40802810900001979691,ООО «ЭЛИД»,6168045122,ЮГО-ЗАПАДНЫЙ БАНК ПАО СБЕРБАНК,046015602,ОКОНЧАТЕЛЬНЫЙ РАСЧЕТ 70% ПО АКТУ № 1 ОТ 02.10.2026 К ДОГОВОРУ № ЭЛИД-2026/09. БЕЗ НДС
TX-2026-0049,2026-10-04,10:41:25,№ 628,Поступление,34800.00,40702810343388930949,40802810900001979691,ООО «Юглоджистик»,2312282058,"АО ""АЛЬФА-БАНК""",044525593,Оплата аванса 50% по счету № 123 от 03.10.2026 к договору поставки № ЮГЛ-2026-09/3D. НДС не облагается.
TX-2026-0050,2026-10-04,12:18:15,п/п № 459,Поступление,25900.00,40702810840859446554,40802810900001979691,ООО «РМЗ»,6164105846,ЮГО-ЗАПАДНЫЙ БАНК ПАО СБЕРБАНК,046015602,Аванс за изготовление деталей по спец №1 к дог. от 11.09.26. НДС не облагается.
TX-2026-0051,2026-10-04,13:47:26,п/п 539,Поступление,31440.00,40702810112559895622,40802810900001979691,ООО «ЮФО-ПАК»,6168103575,"ПАО КБ ""ЦЕНТР-ИНВЕСТ""",046015762,Аванс за изготовление деталей по спец №1 к дог. от 26.08.26. НДС не облагается.
TX-2026-0052,2026-10-04,15:04:01,п/п 803,Поступление,24000.00,40702810328286724698,40802810900001979691,ООО «Дон-Комплект»,6161058041,"ПАО КБ ""ЦЕНТР-ИНВЕСТ""",046015762,ПОСТОПЛАТА 60% ЗА ИЗГОТОВЛЕНИЕ ДЕТАЛЕЙ ПО АКТУ № 1 ОТ 03.10.2026 Г. НДС НЕ ОБЛАГАЕТСЯ
TX-2026-0053,2026-10-04,16:13:22,584,Поступление,74760.00,40702810925010427478,40802810900001979691,ООО «АЙТИАЭРО»,6161080978,"АО ""АЛЬФА-БАНК""",044525593,Доплата 70% по акту № 1 от 03.10.2026 к спец. № 1 дог. № АЭРО/2026-09-3D. НДС не обл.
TX-2026-0054,2026-10-05,10:53:36,п/п № 11,Списание,126600.00,40802810900001979691,40702810963000018452,"ООО ""Бест Филамент""",7017366311,СИБИРСКИЙ БАНК ПАО СБЕРБАНК,046902606,"Оплата по счету № BF-2026/1055 от 05.10.2026 за филамент ASA, TPU, PA-CF (цех Краснодар). В т.ч. НДС 20% - 21100.00 руб."
TX-2026-0055,2026-10-05,12:27:10,№ 771,Поступление,40502.00,40702810163043412238,40802810900001979691,ООО «Дон-Логистик»,6168024316,"АО ""АЛЬФА-БАНК""",044525593,Оплата аванса 70% по счету № 153 от 03.10.2026 к договору поставки № ДЛ-08/26-3D. НДС не облагается.
TX-2026-0056,2026-10-05,14:32:23,600,Поступление,27234.00,40702810362981927530,40802810900001979691,ООО «Краснодарский компрессорный завод»,2311112293,"КБ ""КУБАНЬ КРЕДИТ"" ООО",040349722,Доплата 30% по акту № 1 от 04.10.2026 к спец. № 1 дог. № ККЗ-3D/2026-09. НДС не обл.
TX-2026-0057,2026-10-05,16:07:59,№ 236,Поступление,24000.00,40702810551980328635,40802810900001979691,ООО «ЭКСПЕРТ ЭЛЕКТРОНИКС»,6154561342,"ФИЛИАЛ ""РОСТОВСКИЙ"" БАНКА ВТБ (ПАО)",046015999,Доплата 60% по акту № 1 от 04.10.2026 к спец. № 1 дог. № ЭЭ-08/2026-3D. НДС не обл.
TX-2026-0058,2026-10-06,11:08:27,п/п 456,Поступление,51276.00,40702810326648694390,40802810900001979691,ООО «АГАТПАК»,2311176850,КРАСНОДАРСКОЕ ОТДЕЛЕНИЕ N8619 ПАО СБЕРБАНК,040349602,Оплата авансового платежа (60%) по спец. № 1 к договору № АГАТ-09/2026-ПОСТ. Без НДС
TX-2026-0059,2026-10-06,12:32:58,321,Поступление,17040.00,40702810082595202399,40802810900001979691,ООО «Лилиани»,6162031892,ЮГО-ЗАПАДНЫЙ БАНК ПАО СБЕРБАНК,046015602,Оплата аванса 30% по счету № 189 от 04.10.2026 к договору поставки № ЛИЛ-2026-09/П. НДС не облагается.
TX-2026-0060,2026-10-06,14:42:39,155,Поступление,49464.00,40702810718176423420,40802810900001979691,"ООО ""ТД ""Тавиа""",6154083390,"ФИЛИАЛ ""РОСТОВСКИЙ"" БАНКА ВТБ (ПАО)",046015999,"Постоплата 60% по акту №1 от 05.10.26 за Кондукторы позиционирования деталей. Сумма 49464.00, без НДС"
TX-2026-0061,2026-10-06,16:04:24,п/п 200,Поступление,16320.00,40702810351151238983,40802810900001979691,ООО «Медтехника Юг»,6163090280,"АО ""АЛЬФА-БАНК""",044525593,Окончательный расчет (60%) по Акту приема-передачи № 1 от 05.10.2026 г. В т.ч. НДС 20%
TX-2026-0062,2026-10-07,12:01:18,№ 344,Поступление,19500.00,40702810529994308037,40802810900001979691,ООО «ДонЭлектроИнтел»,6166056859,"ПАО КБ ""ЦЕНТР-ИНВЕСТ""",046015762,Аванс 30% по сч. № 182 от 05.10.2026 за изготовление Корпуса сварочных инверторов (PETG). В т.ч. НДС 20%
TX-2026-0063,2026-10-07,14:48:50,№ 76,Поступление,53662.00,40702810910293966941,40802810900001979691,"ООО «НПО „Горизонт""»",6161022983,"ПАО КБ ""ЦЕНТР-ИНВЕСТ""",046015762,Доплата 70% по акту № 1 от 06.10.2026 к спец. № 1 дог. № ГОР-08/2026. НДС не обл.
TX-2026-0064,2026-10-08,10:43:42,№ 760,Поступление,42780.00,40702810977931985806,40802810900001979691,АО «КПЗ «Каскад»,2311085593,КРАСНОДАРСКОЕ ОТДЕЛЕНИЕ N8619 ПАО СБЕРБАНК,040349602,Оплата аванса 50% по счету № 137 от 07.10.2026 к договору поставки № КПЗ-3D/2026-10. НДС не облагается.
TX-2026-0065,2026-10-08,11:32:18,п/п 729,Поступление,26540.00,40702810830628122849,40802810900001979691,ООО «Завод Автотехнологий»,3420011498,"АО ""АЛЬФА-БАНК""",044525593,Оплата по счету № 81 от 08.10.2026 за изделия из полимеров по спец. № 1. В т.ч. НДС 20% - 4423.33 руб.
TX-2026-0066,2026-10-08,12:53:09,239,Поступление,25440.00,40702810633854330512,40802810900001979691,ООО «Завод Тагмаш»,6154155936,"ФИЛИАЛ ""РОСТОВСКИЙ"" БАНКА ВТБ (ПАО)",046015999,Аванс 40% по сч. № 79 от 08.10.2026 за изготовление Защитные колпаки фланцев (PETG). В т.ч. НДС 20%
TX-2026-0067,2026-10-08,14:22:04,№ 644,Поступление,34800.00,40702810343388930949,40802810900001979691,ООО «Юглоджистик»,2312282058,"АО ""АЛЬФА-БАНК""",044525593,"Постоплата 50% по акту №1 от 07.10.26 за Защитные демпферные накладки. Сумма 34800.00, без НДС"
TX-2026-0068,2026-10-08,15:06:29,п/п № 486,Поступление,11100.00,40702810840859446554,40802810900001979691,ООО «РМЗ»,6164105846,ЮГО-ЗАПАДНЫЙ БАНК ПАО СБЕРБАНК,046015602,Окончательная оплата (30%) по счету № 147 и Акту № 1 от 07.10.2026 за изделия (Направляющие втулки токарно-револьверных). В т.ч. НДС 20% - 1850.00 руб.
TX-2026-0069,2026-10-08,16:44:05,п/п 559,Поступление,20960.00,40702810112559895622,40802810900001979691,ООО «ЮФО-ПАК»,6168103575,"ПАО КБ ""ЦЕНТР-ИНВЕСТ""",046015762,Окончательная оплата (40%) по счету № 120 и Акту № 1 от 07.10.2026 за изделия (Направляющие планки узла). В т.ч. НДС 20% - 3493.33 руб.
TX-2026-0070,2026-10-09,11:55:34,п/п № 7,Списание,312000.00,40802810900001979691,40702810100000045821,"ООО ""РЭК""",7724893780,"АО ""ТБанк""",044525974,"Оплата по счету № 5419 от 09.10.2026 за партию филамента PA-CF, PETG, TPU по спец. № 7. В т.ч. НДС 20% - 52000.00 руб."
TX-2026-0071,2026-10-09,14:14:40,№ 806,Поступление,17358.00,40702810163043412238,40802810900001979691,ООО «Дон-Логистик»,6168024316,"АО ""АЛЬФА-БАНК""",044525593,"Постоплата 30% по акту №1 от 08.10.26 за Защитные накладки вилочных. Сумма 17358.00, без НДС"
TX-2026-0072,2026-10-10,11:16:25,№ 356,Поступление,53998.00,40702810362614231369,40802810900001979691,ООО «СКЛАД ЮГ-СЕРВИС»,2309173570,КРАСНОДАРСКОЕ ОТДЕЛЕНИЕ N8619 ПАО СБЕРБАНК,040349602,ПРЕДОПЛАТА ПО СЧЕТУ № 45 ОТ 08.10.2026 Г. ЗА ИЗДЕЛИЯ ИЗ TPU 95A. В Т.Ч. НДС 20% - 8999.67 РУБ.
TX-2026-0073,2026-10-10,12:13:53,п/п 229,Поступление,27700.00,40702810840811255814,40802810900001979691,АО «Сатурн»,2311006961,"ПАО ""СОВКОМБАНК""",043469740,Оплата авансового платежа (50%) по спец. № 1 к договору № СТ/26-08-3D. Без НДС
TX-2026-0074,2026-10-10,14:47:07,п/п 479,Поступление,34184.00,40702810326648694390,40802810900001979691,ООО «АГАТПАК»,2311176850,КРАСНОДАРСКОЕ ОТДЕЛЕНИЕ N8619 ПАО СБЕРБАНК,040349602,Расчет за поставленную продукцию по акту приема-передачи № 1 от 09.10.2026 к дог. № АГАТ-09/2026-ПОСТ. НДС не облагается.
TX-2026-0075,2026-10-10,16:33:21,353,Поступление,39760.00,40702810082595202399,40802810900001979691,ООО «Лилиани»,6162031892,ЮГО-ЗАПАДНЫЙ БАНК ПАО СБЕРБАНК,046015602,"Постоплата 70% по акту №1 от 09.10.26 за Кронштейны датчиков уровня. Сумма 39760.00, без НДС"
TX-2026-0076,2026-10-11,11:34:15,№ 437,Поступление,24192.00,40702810016311854586,40802810900001979691,АО «Юг-Система Плюс»,2310063244,ФИЛИАЛ N 2351 БАНКА ВТБ (ПАО),040349758,ПРЕДОПЛАТА ПО СЧЕТУ № 112 ОТ 11.10.2026 Г. ЗА ИЗДЕЛИЯ ИЗ PETG. В Т.Ч. НДС 20% - 4032.00 РУБ.
TX-2026-0077,2026-10-11,13:48:36,№ 203,Поступление,39312.00,40702810326771401197,40802810900001979691,ООО «ЮгПромАвтоматика»,6165132232,"АО ""ТБАНК""",044525974,ПРЕДОПЛАТА 70% ПО ДОГОВОРУ ПОСТАВКИ № ЮПА-3D-2026/09 ОТ 09.09.2026 И СПЕЦ.1 ЗА 3D-ПЕЧАТЬ ДЕТАЛЕЙ. БЕЗ НДС
TX-2026-0078,2026-10-11,15:12:18,№ 372,Поступление,45500.00,40702810529994308037,40802810900001979691,ООО «ДонЭлектроИнтел»,6166056859,"ПАО КБ ""ЦЕНТР-ИНВЕСТ""",046015762,"Постоплата по договору № ДЭИ/2026-09, Акт № 1 от 10.10.2026 г. за выполненные работы по 3D-печати. Без НДС"
TX-2026-0079,2026-10-12,10:59:18,п/п № 757,Поступление,38660.00,40702810834934739157,40802810900001979691,ООО «ВЕНТПРОМ»,6166104372,"ПАО КБ ""ЦЕНТР-ИНВЕСТ""",046015762,Аванс 50% за 3D-печать деталей (Клипсы крепления приводов) по спец. № 1 дог. № ВП-2026/08-3D. НДС не обл.
TX-2026-0080,2026-10-12,12:21:38,№ 161,Поступление,58440.00,40702810744340956316,40802810900001979691,"ООО ""ЦПТ ""Агроцифра""",6166123167,ЮГО-ЗАПАДНЫЙ БАНК ПАО СБЕРБАНК,046015602,ПРЕДОПЛАТА 60% ПО ДОГОВОРУ ПОСТАВКИ № РСМ-3D-2026/09 ОТ 17.09.2026 И СПЕЦ.1 ЗА 3D-ПЕЧАТЬ ДЕТАЛЕЙ. БЕЗ НДС
TX-2026-0081,2026-10-12,14:25:22,п/п 750,Поступление,26540.00,40702810830628122849,40802810900001979691,ООО «Завод Автотехнологий»,3420011498,"АО ""АЛЬФА-БАНК""",044525593,Окончат.расчет по спец.1 к дог.пост. ЗАТ-09/2026-ПОСТ от 08.09.2026. НДС не обл.
TX-2026-0082,2026-10-12,15:51:28,257,Поступление,38160.00,40702810633854330512,40802810900001979691,ООО «Завод Тагмаш»,6154155936,"ФИЛИАЛ ""РОСТОВСКИЙ"" БАНКА ВТБ (ПАО)",046015999,"Постоплата по договору № ТАГМАШ-2026/09-3D, Акт № 1 от 11.10.2026 г. за выполненные работы по 3D-печати. Без НДС"
TX-2026-0083,2026-10-13,12:22:44,№ 347,Поступление,38038.00,40702810298862134727,40802810900001979691,"ООО НПО ""Турбулентность-Дон""",6141021685,"АО ""АЛЬФА-БАНК""",044525593,Аванс 70% по сч. № 166 от 11.10.2026 за изготовление Мастер-модели проточных частей (PETG). В т.ч. НДС 20%
TX-2026-0084,2026-10-14,10:08:49,п/п № 8,Списание,141400.00,40802810900001979691,40702810800000009124,"ООО ""Московский Завод FDplast""",7724855018,"ПАО АКБ ""МЕТАЛЛИНВЕСТБАНК""",044525117,"Оплата за филамент FDplast (ABS, PETG, угленаполненный пластик) по счету № FD-7741 от 14.10.2026 г. В т.ч. НДС 20% - 23566.67 руб."
TX-2026-0085,2026-10-14,11:08:43,175,Поступление,18960.00,40702810218329172278,40802810900001979691,ООО «РТС»,6102042191,ЮГО-ЗАПАДНЫЙ БАНК ПАО СБЕРБАНК,046015602,Аванс 40% по сч. № 177 от 13.10.2026 за изготовление Кронштейны тахографов и (ABS). В т.ч. НДС 20%
TX-2026-0086,2026-10-14,12:18:53,п/п 158,Поступление,33150.00,40702810811430119524,40802810900001979691,ООО «Сальсксельмаш»,6153033727,"ПАО КБ ""ЦЕНТР-ИНВЕСТ""",046015762,ПРЕДОПЛАТА 50% ПО ДОГОВОРУ ПОСТАВКИ № ССМ-08/2026-ПОСТ ОТ 31.08.2026 И СПЕЦ.2 ЗА 3D-ПЕЧАТЬ ДЕТАЛЕЙ. БЕЗ НДС
TX-2026-0087,2026-10-14,12:55:43,404,Поступление,34580.00,40702810368381451748,40802810900001979691,ООО «Фармацевт»,6166042221,ЮГО-ЗАПАДНЫЙ БАНК ПАО СБЕРБАНК,046015602,Аванс 50% по сч. № 155 от 12.10.2026 за изготовление Кассеты и дозаторы (Food-Grade PETG). В т.ч. НДС 20%
TX-2026-0088,2026-10-14,13:57:42,п/п № 745,Поступление,22386.00,40702810425287630247,40802810900001979691,ООО «СТАНОЧНАЯ ОСНАСТКА»,6166083394,ЮГО-ЗАПАДНЫЙ БАНК ПАО СБЕРБАНК,046015602,Аванс 40% по сч. № 284 от 14.10.2026 за изготовление Цанговые фиксаторы патронов (PETG). В т.ч. НДС 20%
TX-2026-0089,2026-10-14,14:50:16,547,Поступление,44080.00,40702810966337057571,40802810900001979691,"ООО ""Бештау Технологии""",6168121905,"АО ""РАЙФФАЙЗЕНБАНК""",044525700,Оплата по счету № 228 от 13.10.2026 за изделия из полимеров по спец. № 2. В т.ч. НДС 20% - 7346.67 руб.
TX-2026-0090,2026-10-14,15:53:48,№ 390,Поступление,23142.00,40702810362614231369,40802810900001979691,ООО «СКЛАД ЮГ-СЕРВИС»,2309173570,КРАСНОДАРСКОЕ ОТДЕЛЕНИЕ N8619 ПАО СБЕРБАНК,040349602,Оплата остатка 30% по сч. № 45 на основании Акта № 1 от 13.10.2026. В т.ч. НДС 20%
TX-2026-0091,2026-10-14,16:51:21,п/п 265,Поступление,27700.00,40702810840811255814,40802810900001979691,АО «Сатурн»,2311006961,"ПАО ""СОВКОМБАНК""",043469740,Расчет за поставленную продукцию по акту приема-передачи № 1 от 13.10.2026 к дог. № СТ/26-08-3D. НДС не облагается.
TX-2026-0092,2026-10-15,11:50:32,618,Поступление,36300.00,40702810987926308111,40802810900001979691,АО «Электроавтоматика»,2636008464,"АО ""АЛЬФА-БАНК""",044525593,Оплата аванса 50% по счету № 68 от 14.10.2026 к договору поставки № ЭЛА-2026/10. НДС не облагается.
TX-2026-0093,2026-10-15,13:41:16,п/п 739,Поступление,22400.00,40702810562566040258,40802810900001979691,ООО «Дон-Полимер»,6163157640,"АО ""РАЙФФАЙЗЕНБАНК""",044525700,Оплата авансового платежа (50%) по спец. № 1 к договору № ДП-3D-2026/09. Без НДС
TX-2026-0094,2026-10-15,15:50:26,№ 229,Поступление,16848.00,40702810326771401197,40802810900001979691,ООО «ЮгПромАвтоматика»,6165132232,"АО ""ТБАНК""",044525974,ОКОНЧАТЕЛЬНЫЙ РАСЧЕТ 30% ПО АКТУ № 1 ОТ 14.10.2026 К ДОГОВОРУ № ЮПА-3D-2026/09. БЕЗ НДС
TX-2026-0095,2026-10-16,10:46:47,445,Поступление,40460.00,40702810960234405532,40802810900001979691,ООО «Производственная компания «Новочеркасский электровозостроительный завод»,6150040250,"ПАО ""СОВКОМБАНК""",043469740,Оплата авансового платежа (50%) по спец. № 2 к договору № НЭВЗ-ПОСТ/2026-09. Без НДС
TX-2026-0096,2026-10-16,12:07:02,п/п № 158,Поступление,29520.00,40702810353715910951,40802810900001979691,ООО «Корпорация «СКЭСС»,6165005964,"ПАО КБ ""ЦЕНТР-ИНВЕСТ""",046015762,ПРЕДОПЛАТА 50% ПО ДОГОВОРУ ПОСТАВКИ № СКЭСС-08/2026 ОТ 26.08.2026 И СПЕЦ.2 ЗА 3D-ПЕЧАТЬ ДЕТАЛЕЙ. БЕЗ НДС
TX-2026-0097,2026-10-16,13:27:58,п/п № 728,Поступление,20900.00,40702810219279741321,40802810900001979691,ООО «АГРОДОНУПАК»,6168089916,ЮГО-ЗАПАДНЫЙ БАНК ПАО СБЕРБАНК,046015602,ПРЕДОПЛАТА 40% ПО ДОГОВОРУ ПОСТАВКИ № АДУ/26-08-П ОТ 03.09.2026 И СПЕЦ.2 ЗА 3D-ПЕЧАТЬ ДЕТАЛЕЙ. БЕЗ НДС
TX-2026-0098,2026-10-16,15:06:35,п/п № 788,Поступление,38660.00,40702810834934739157,40802810900001979691,ООО «ВЕНТПРОМ»,6166104372,"ПАО КБ ""ЦЕНТР-ИНВЕСТ""",046015762,ПОСТОПЛАТА 50% ЗА ИЗГОТОВЛЕНИЕ ДЕТАЛЕЙ ПО АКТУ № 1 ОТ 15.10.2026 Г. НДС НЕ ОБЛАГАЕТСЯ
TX-2026-0099,2026-10-16,16:38:58,№ 200,Поступление,38960.00,40702810744340956316,40802810900001979691,"ООО ""ЦПТ ""Агроцифра""",6166123167,ЮГО-ЗАПАДНЫЙ БАНК ПАО СБЕРБАНК,046015602,ОКОНЧАТЕЛЬНЫЙ РАСЧЕТ 40% ПО АКТУ № 1 ОТ 15.10.2026 К ДОГОВОРУ № РСМ-3D-2026/09. БЕЗ НДС
TX-2026-0100,2026-10-17,13:23:08,№ 373,Поступление,16302.00,40702810298862134727,40802810900001979691,"ООО НПО ""Турбулентность-Дон""",6141021685,"АО ""АЛЬФА-БАНК""",044525593,"Постоплата по договору № ТД-3D-2026/08, Акт № 1 от 16.10.2026 г. за выполненные работы по 3D-печати. Без НДС"
TX-2026-0101,2026-10-18,10:23:08,341,Поступление,27456.00,40702810015251453265,40802810900001979691,ПАО «Сигнал»,2635000092,ПАО СБЕРБАНК,044525225,"Оплата по сч. № 189 от 17.10.26 за полимерные изделия по спец.1. Сумма 27456.00, без НДС"
TX-2026-0102,2026-10-18,11:07:21,768,Поступление,34020.00,40702810016996401238,40802810900001979691,ООО «ДОН-ТАРА»,6150069355,"ПАО КБ ""ЦЕНТР-ИНВЕСТ""",046015762,Оплата по счету № 205 от 16.10.2026 за изделия из полимеров по спец. № 2. В т.ч. НДС 20% - 5670.00 руб.
TX-2026-0103,2026-10-18,12:11:12,№ 203,Поступление,19872.00,40702810633754672009,40802810900001979691,ООО «С-Р»,6161065842,"РОСТОВСКИЙ РФ АО ""РОССЕЛЬХОЗБАНК""",046015211,Оплата авансового платежа (30%) по спец. № 2 к договору № СРИС-08/2026-3D. Без НДС
TX-2026-0104,2026-10-18,13:21:43,200,Поступление,23736.00,40702810863230347657,40802810900001979691,ООО «ЭЛИД»,6168045122,ЮГО-ЗАПАДНЫЙ БАНК ПАО СБЕРБАНК,046015602,Предоплата 40% по спец. № 2 к дог. № ЭЛИД-2026/09 от 08.09.2026. В т.ч. НДС 20% - 3956.00 руб.
TX-2026-0105,2026-10-18,14:40:49,193,Поступление,28440.00,40702810218329172278,40802810900001979691,ООО «РТС»,6102042191,ЮГО-ЗАПАДНЫЙ БАНК ПАО СБЕРБАНК,046015602,"Постоплата по договору № КТ/26-08-3D, Акт № 1 от 17.10.2026 г. за выполненные работы по 3D-печати. Без НДС"
TX-2026-0106,2026-10-18,15:40:27,п/п 769,Поступление,22400.00,40702810562566040258,40802810900001979691,ООО «Дон-Полимер»,6163157640,"АО ""РАЙФФАЙЗЕНБАНК""",044525700,Расчет за поставленную продукцию по акту приема-передачи № 1 от 17.10.2026 к дог. № ДП-3D-2026/09. НДС не облагается.
TX-2026-0107,2026-10-18,16:47:54,427,Поступление,34580.00,40702810368381451748,40802810900001979691,ООО «Фармацевт»,6166042221,ЮГО-ЗАПАДНЫЙ БАНК ПАО СБЕРБАНК,046015602,"Постоплата по договору № ФАРМ-08/2026-3D, Акт № 1 от 17.10.2026 г. за выполненные работы по 3D-печати. Без НДС"
TX-2026-0108,2026-10-19,12:12:48,п/п № 9,Списание,287400.00,40802810900001979691,40702810502880006731,"ООО ""Полимейкер Рус""",7728469315,"АО ""АЛЬФА-БАНК""",044525593,"Оплата по счету № PM-26/104 от 19.10.2026 за инженерный пруток PolyMide PA-CF, PolyMax PC, PETG. В т.ч. НДС 20% - 47900.00 руб."
TX-2026-0109,2026-10-19,14:39:08,№ 778,Поступление,42780.00,40702810977931985806,40802810900001979691,АО «КПЗ «Каскад»,2311085593,КРАСНОДАРСКОЕ ОТДЕЛЕНИЕ N8619 ПАО СБЕРБАНК,040349602,"Постоплата 50% по акту №1 от 16.10.26 за Кронштейны антенно-фидерных устройств. Сумма 42780.00, без НДС"
TX-2026-0110,2026-10-20,11:15:27,п/п № 274,Поступление,16380.00,40702810551980328635,40802810900001979691,ООО «ЭКСПЕРТ ЭЛЕКТРОНИКС»,6154561342,"ФИЛИАЛ ""РОСТОВСКИЙ"" БАНКА ВТБ (ПАО)",046015999,"Оплата по сч. № 273 от 20.10.26 за полимерные изделия по спец.2. Сумма 16380.00, без НДС"
TX-2026-0111,2026-10-20,12:42:59,№ 835,Поступление,22500.00,40702810328286724698,40802810900001979691,ООО «Дон-Комплект»,6161058041,"ПАО КБ ""ЦЕНТР-ИНВЕСТ""",046015762,Оплата по счету № 217 от 18.10.2026 за изделия из полимеров по спец. № 2. В т.ч. НДС 20% - 3750.00 руб.
TX-2026-0112,2026-10-20,14:44:27,п/п № 240,Поступление,20790.00,40702810351151238983,40802810900001979691,ООО «Медтехника Юг»,6163090280,"АО ""АЛЬФА-БАНК""",044525593,Аванс 50% по сч. № 187 от 18.10.2026 за изготовление Крепежные обоймы физиотерапевтических (PETG). В т.ч. НДС 20%
TX-2026-0113,2026-10-20,15:49:37,519,Поступление,28762.50,40702810840859446554,40802810900001979691,ООО «РМЗ»,6164105846,ЮГО-ЗАПАДНЫЙ БАНК ПАО СБЕРБАНК,046015602,Аванс за изготовление деталей по спец №2 к дог. от 11.09.26. НДС не облагается.
TX-2026-0114,2026-10-21,10:53:19,п/п № 407,Поступление,33962.50,40702810532184502287,40802810900001979691,АО «ПК «Ахтуба»,3443048328,"ПАО КБ ""ЦЕНТР-ИНВЕСТ""",046015762,Аванс 50% за 3D-печать деталей (Герметизирующие кабельные проходки) по спец. № 1 дог. № АХТ-2026/10. НДС не обл.
TX-2026-0115,2026-10-21,13:34:03,п/п № 777,Поступление,33579.00,40702810425287630247,40802810900001979691,ООО «СТАНОЧНАЯ ОСНАСТКА»,6166083394,ЮГО-ЗАПАДНЫЙ БАНК ПАО СБЕРБАНК,046015602,Оплата остатка 60% по сч. № 284 на основании Акта № 2 от 19.10.2026. В т.ч. НДС 20%
TX-2026-0116,2026-10-21,15:47:46,581,Поступление,44080.00,40702810966337057571,40802810900001979691,"ООО ""Бештау Технологии""",6168121905,"АО ""РАЙФФАЙЗЕНБАНК""",044525700,Окончательная оплата (50%) по счету № 228 и Акту № 2 от 19.10.2026 за изделия (Кронштейн дисплея тип). В т.ч. НДС 20% - 7346.67 руб.
TX-2026-0117,2026-10-22,10:59:41,№ 789,Поступление,21736.00,40702810830628122849,40802810900001979691,ООО «Завод Автотехнологий»,3420011498,"АО ""АЛЬФА-БАНК""",044525593,Оплата по счету № 251 от 21.10.2026 за изделия из полимеров по спец. № 2. В т.ч. НДС 20% - 3622.67 руб.
TX-2026-0118,2026-10-22,12:26:40,п/п 299,Поступление,27300.00,40702810633854330512,40802810900001979691,ООО «Завод Тагмаш»,6154155936,"ФИЛИАЛ ""РОСТОВСКИЙ"" БАНКА ВТБ (ПАО)",046015999,ПРЕДОПЛАТА ПО СЧЕТУ № 254 ОТ 20.10.2026 Г. ЗА ИЗДЕЛИЯ ИЗ PETG. В Т.Ч. НДС 20% - 4550.00 РУБ.
TX-2026-0119,2026-10-22,13:14:13,№ 263,Поступление,27600.00,40702810326771401197,40802810900001979691,ООО «ЮгПромАвтоматика»,6165132232,"АО ""ТБАНК""",044525974,Аванс за изготовление деталей по спец №2 к дог. от 09.09.26. НДС не облагается.
TX-2026-0120,2026-10-22,15:07:57,№ 467,Поступление,36288.00,40702810016311854586,40802810900001979691,АО «Юг-Система Плюс»,2310063244,ФИЛИАЛ N 2351 БАНКА ВТБ (ПАО),040349758,Оплата остатка 60% по сч. № 112 на основании Акта № 1 от 20.10.2026. В т.ч. НДС 20%
TX-2026-0121,2026-10-22,16:25:31,п/п 177,Поступление,33150.00,40702810811430119524,40802810900001979691,ООО «Сальсксельмаш»,6153033727,"ПАО КБ ""ЦЕНТР-ИНВЕСТ""",046015762,"Постоплата по договору № ССМ-08/2026-ПОСТ, Акт № 2 от 20.10.2026 г. за выполненные работы по 3D-печати. Без НДС"
TX-2026-0122,2026-10-23,11:38:45,464,Поступление,40460.00,40702810960234405532,40802810900001979691,ООО «Производственная компания «Новочеркасский электровозостроительный завод»,6150040250,"ПАО ""СОВКОМБАНК""",043469740,ПОСТОПЛАТА 50% ЗА ИЗГОТОВЛЕНИЕ ДЕТАЛЕЙ ПО АКТУ № 2 ОТ 21.10.2026 Г. НДС НЕ ОБЛАГАЕТСЯ
TX-2026-0123,2026-10-23,12:58:57,п/п № 190,Поступление,29520.00,40702810353715910951,40802810900001979691,ООО «Корпорация «СКЭСС»,6165005964,"ПАО КБ ""ЦЕНТР-ИНВЕСТ""",046015762,"Постоплата по договору № СКЭСС-08/2026, Акт № 2 от 21.10.2026 г. за выполненные работы по 3D-печати. Без НДС"
TX-2026-0124,2026-10-23,15:55:25,п/п № 755,Поступление,31350.00,40702810219279741321,40802810900001979691,ООО «АГРОДОНУПАК»,6168089916,ЮГО-ЗАПАДНЫЙ БАНК ПАО СБЕРБАНК,046015602,"Постоплата по договору № АДУ/26-08-П, Акт № 2 от 21.10.2026 г. за выполненные работы по 3D-печати. Без НДС"
TX-2026-0125,2026-10-24,10:58:26,№ 834,Поступление,41230.00,40702810826560071781,40802810900001979691,АО «АОМЗ»,6140022069,"ФИЛИАЛ ""РОСТОВСКИЙ"" БАНКА ВТБ (ПАО)",046015999,ПРЕДОПЛАТА 50% ПО ДОГОВОРУ ПОСТАВКИ № АОМЗ-3D/2026-10 ОТ 18.10.2026 И СПЕЦ.1 ЗА 3D-ПЕЧАТЬ ДЕТАЛЕЙ. БЕЗ НДС
TX-2026-0126,2026-10-24,13:01:34,п/п 407,Поступление,27170.00,40702810298862134727,40802810900001979691,"ООО НПО ""Турбулентность-Дон""",6141021685,"АО ""АЛЬФА-БАНК""",044525593,Аванс 50% по сч. № 235 от 23.10.2026 за изготовление Корпуса согласующих плат (PETG). В т.ч. НДС 20%
TX-2026-0127,2026-10-24,13:59:23,п/п № 817,Поступление,33600.00,40702810834934739157,40802810900001979691,ООО «ВЕНТПРОМ»,6166104372,"ПАО КБ ""ЦЕНТР-ИНВЕСТ""",046015762,Аванс 40% по сч. № 217 от 24.10.2026 за изготовление Лопатки вспомогательных вентиляторов (PA-CF). В т.ч. НДС 20%
TX-2026-0128,2026-10-24,16:09:54,№ 221,Поступление,41895.00,40702810744340956316,40802810900001979691,"ООО ""ЦПТ ""Агроцифра""",6166123167,ЮГО-ЗАПАДНЫЙ БАНК ПАО СБЕРБАНК,046015602,Аванс 50% за 3D-печать деталей (Дистанционные втулки и) по спец. № 2 дог. № РСМ-3D-2026/09. НДС не обл.
TX-2026-0129,2026-10-25,13:37:15,653,Поступление,36300.00,40702810987926308111,40802810900001979691,АО «Электроавтоматика»,2636008464,"АО ""АЛЬФА-БАНК""",044525593,"Постоплата 50% по акту №1 от 23.10.26 за Изолирующие и антифрикционные. Сумма 36300.00, без НДС"
TX-2026-0130,2026-10-26,10:12:02,235,Поступление,24453.00,40702810218329172278,40802810900001979691,ООО «РТС»,6102042191,ЮГО-ЗАПАДНЫЙ БАНК ПАО СБЕРБАНК,046015602,Оплата авансового платежа (30%) по спец. № 2 к договору № КТ/26-08-3D. Без НДС
TX-2026-0131,2026-10-26,11:51:44,п/п № 799,Поступление,44712.00,40702810562566040258,40802810900001979691,ООО «Дон-Полимер»,6163157640,"АО ""РАЙФФАЙЗЕНБАНК""",044525700,Оплата аванса 40% по счету № 228 от 24.10.2026 к договору поставки № ДП-3D-2026/09. НДС не облагается.
TX-2026-0132,2026-10-26,12:33:29,п/п 464,Поступление,51000.00,40702810368381451748,40802810900001979691,ООО «Фармацевт»,6166042221,ЮГО-ЗАПАДНЫЙ БАНК ПАО СБЕРБАНК,046015602,ПРЕДОПЛАТА ПО СЧЕТУ № 246 ОТ 26.10.2026 Г. ЗА ИЗДЕЛИЯ ИЗ Food-Grade PETG. В Т.Ч. НДС 20% - 8500.00 РУБ.
TX-2026-0133,2026-10-26,14:15:57,798,Поступление,22680.00,40702810016996401238,40802810900001979691,ООО «ДОН-ТАРА»,6150069355,"ПАО КБ ""ЦЕНТР-ИНВЕСТ""",046015762,Окончательная оплата (40%) по счету № 205 и Акту № 2 от 23.10.2026 за изделия (Усиленные ручки и). В т.ч. НДС 20% - 3780.00 руб.
TX-2026-0134,2026-10-26,15:38:43,№ 223,Поступление,46368.00,40702810633754672009,40802810900001979691,ООО «С-Р»,6161065842,"РОСТОВСКИЙ РФ АО ""РОССЕЛЬХОЗБАНК""",046015211,ПОСТОПЛАТА 70% ЗА ИЗГОТОВЛЕНИЕ ДЕТАЛЕЙ ПО АКТУ № 2 ОТ 23.10.2026 Г. НДС НЕ ОБЛАГАЕТСЯ
TX-2026-0135,2026-10-26,16:52:24,238,Поступление,35604.00,40702810863230347657,40802810900001979691,ООО «ЭЛИД»,6168045122,ЮГО-ЗАПАДНЫЙ БАНК ПАО СБЕРБАНК,046015602,Окончат.расчет по спец.2 к дог.пост. ЭЛИД-2026/09 от 08.09.2026. НДС не обл.
TX-2026-0136,2026-10-27,10:41:20,п/п № 313,Поступление,24570.00,40702810551980328635,40802810900001979691,ООО «ЭКСПЕРТ ЭЛЕКТРОНИКС»,6154561342,"ФИЛИАЛ ""РОСТОВСКИЙ"" БАНКА ВТБ (ПАО)",046015999,"Постоплата 60% по акту №2 от 25.10.26 за Защитные крышки клеммных. Сумма 24570.00, без НДС"
TX-2026-0137,2026-10-27,12:56:14,№ 857,Поступление,22500.00,40702810328286724698,40802810900001979691,ООО «Дон-Комплект»,6161058041,"ПАО КБ ""ЦЕНТР-ИНВЕСТ""",046015762,Окончательная оплата (50%) по счету № 217 и Акту № 2 от 25.10.2026 за изделия (Рукоятки и заглушки). В т.ч. НДС 20% - 3750.00 руб.
TX-2026-0138,2026-10-27,14:44:24,п/п № 259,Поступление,20790.00,40702810351151238983,40802810900001979691,ООО «Медтехника Юг»,6163090280,"АО ""АЛЬФА-БАНК""",044525593,Оплата остатка 50% по сч. № 187 на основании Акта № 2 от 25.10.2026. В т.ч. НДС 20%
TX-2026-0139,2026-10-27,15:49:39,538,Поступление,28762.50,40702810840859446554,40802810900001979691,ООО «РМЗ»,6164105846,ЮГО-ЗАПАДНЫЙ БАНК ПАО СБЕРБАНК,046015602,Расчет за поставленную продукцию по акту приема-передачи № 2 от 25.10.2026 к дог. № РМЗ-3D-2026/09. НДС не облагается.
TX-2026-0140,2026-10-29,10:42:16,358,Поступление,41184.00,40702810015251453265,40802810900001979691,ПАО «Сигнал»,2635000092,ПАО СБЕРБАНК,044525225,Доплата 60% по акту № 1 от 27.10.2026 к спец. № 1 дог. № СИГ-3D/2026-10. НДС не обл.
TX-2026-0141,2026-10-29,12:26:22,№ 816,Поступление,32604.00,40702810830628122849,40802810900001979691,ООО «Завод Автотехнологий»,3420011498,"АО ""АЛЬФА-БАНК""",044525593,Окончательная оплата (60%) по счету № 251 и Акту № 2 от 27.10.2026 за изделия (Защитные экраны электропроводки). В т.ч. НДС 20% - 5434.00 руб.
TX-2026-0142,2026-10-29,14:37:14,п/п 323,Поступление,27300.00,40702810633854330512,40802810900001979691,ООО «Завод Тагмаш»,6154155936,"ФИЛИАЛ ""РОСТОВСКИЙ"" БАНКА ВТБ (ПАО)",046015999,Доплата 50% по акту № 2 от 27.10.2026 к спец. № 2 дог. № ТАГМАШ-2026/09-3D. НДС не обл.
TX-2026-0143,2026-10-29,16:25:11,№ 291,Поступление,27600.00,40702810326771401197,40802810900001979691,ООО «ЮгПромАвтоматика»,6165132232,"АО ""ТБАНК""",044525974,Расчет за поставленную продукцию по акту приема-передачи № 2 от 27.10.2026 к дог. № ЮПА-3D-2026/09. НДС не облагается.
TX-2026-0144,2026-10-31,11:25:11,п/п 439,Поступление,27170.00,40702810298862134727,40802810900001979691,"ООО НПО ""Турбулентность-Дон""",6141021685,"АО ""АЛЬФА-БАНК""",044525593,Оплата остатка 50% по сч. № 235 на основании Акта № 2 от 29.10.2026. В т.ч. НДС 20%
TX-2026-0145,2026-10-31,13:13:25,п/п № 839,Поступление,50400.00,40702810834934739157,40802810900001979691,ООО «ВЕНТПРОМ»,6166104372,"ПАО КБ ""ЦЕНТР-ИНВЕСТ""",046015762,Оплата остатка 60% по сч. № 217 на основании Акта № 2 от 29.10.2026. В т.ч. НДС 20%
TX-2026-0146,2026-10-31,15:39:53,№ 243,Поступление,41895.00,40702810744340956316,40802810900001979691,"ООО ""ЦПТ ""Агроцифра""",6166123167,ЮГО-ЗАПАДНЫЙ БАНК ПАО СБЕРБАНК,046015602,Окончательный расчет (50%) по Акту приема-передачи № 2 от 29.10.2026 г. В т.ч. НДС 20%
TX-2026-0147,2026-11-01,13:30:27,п/п № 431,Поступление,33962.50,40702810532184502287,40802810900001979691,АО «ПК «Ахтуба»,3443048328,"ПАО КБ ""ЦЕНТР-ИНВЕСТ""",046015762,ПОСТОПЛАТА 50% ЗА ИЗГОТОВЛЕНИЕ ДЕТАЛЕЙ ПО АКТУ № 1 ОТ 30.10.2026 Г. НДС НЕ ОБЛАГАЕТСЯ
TX-2026-0148,2026-11-03,11:29:33,251,Поступление,57057.00,40702810218329172278,40802810900001979691,ООО «РТС»,6102042191,ЮГО-ЗАПАДНЫЙ БАНК ПАО СБЕРБАНК,046015602,ПОСТОПЛАТА 70% ЗА ИЗГОТОВЛЕНИЕ ДЕТАЛЕЙ ПО АКТУ № 2 ОТ 01.11.2026 Г. НДС НЕ ОБЛАГАЕТСЯ
TX-2026-0149,2026-11-03,13:52:33,п/п № 837,Поступление,67068.00,40702810562566040258,40802810900001979691,ООО «Дон-Полимер»,6163157640,"АО ""РАЙФФАЙЗЕНБАНК""",044525700,ОКОНЧАТЕЛЬНЫЙ РАСЧЕТ 60% ПО АКТУ № 2 ОТ 01.11.2026 К ДОГОВОРУ № ДП-3D-2026/09. БЕЗ НДС
TX-2026-0150,2026-11-03,16:10:59,п/п 480,Поступление,51000.00,40702810368381451748,40802810900001979691,ООО «Фармацевт»,6166042221,ЮГО-ЗАПАДНЫЙ БАНК ПАО СБЕРБАНК,046015602,Доплата 50% по акту № 2 от 01.11.2026 к спец. № 2 дог. № ФАРМ-08/2026-3D. НДС не обл.
TX-2026-0151,2026-11-04,14:42:12,№ 855,Поступление,41230.00,40702810826560071781,40802810900001979691,АО «АОМЗ»,6140022069,"ФИЛИАЛ ""РОСТОВСКИЙ"" БАНКА ВТБ (ПАО)",046015999,ОКОНЧАТЕЛЬНЫЙ РАСЧЕТ 50% ПО АКТУ № 1 ОТ 02.11.2026 К ДОГОВОРУ № АОМЗ-3D/2026-10. БЕЗ НДС
